#,UnlockCriteria1[0],UnlockCriteria1[1],UnlockCriteria1[2],UnlockCriteria1[3],UnlockCriteria1[4],UnlockCriteria1[5],UnlockCriteria2,UnlockCriteria3,UnlockCriteria4,Unknown1,Prerequisite,UnlockType1,UnlockType2,PrerequisiteType,UnlockHint,Unknown0
0,0,0,0,0,0,0,0,0,0,0,0,0,0,0,0,False
1,0,0,0,0,0,0,0,0,0,0,0,10,1,0,0,False
2,81,0,0,0,0,0,1011039,5581045,22497,0,65970,5,16,1,51,False
3,82,0,0,0,0,0,22498,0,0,0,66047,5,5,1,41,False
4,183,0,0,0,0,0,68612,0,0,0,68611,5,2,1,43,False
5,190,0,0,0,0,0,68684,0,0,0,68683,5,2,1,43,False
6,154,0,0,0,0,0,68016,0,0,0,68015,5,2,1,43,False
7,172,0,0,0,0,0,68558,0,0,0,68508,5,2,1,43,False
8,59,0,0,0,0,0,66538,0,0,0,66522,5,2,1,41,False
9,199,0,0,0,0,0,69095,0,0,0,69094,5,2,1,54,False
10,121,0,0,0,0,0,67777,0,0,0,67776,5,2,1,42,False
11,122,0,0,0,0,0,67775,0,0,0,67774,5,2,1,42,False
12,127,0,0,0,0,0,67015,0,0,0,67014,5,2,1,52,False
13,194,0,0,0,0,0,68700,0,0,0,68699,5,2,1,0,False
14,85,0,0,0,0,0,66846,0,0,0,0,5,2,0,0,False
15,148,0,0,0,0,0,67899,0,0,0,67898,5,2,1,52,False
16,231,0,0,0,0,0,69602,0,0,0,69601,5,2,1,44,False
17,101,0,0,0,0,0,66962,0,0,0,66962,5,2,1,51,False
18,102,0,0,0,0,0,66961,0,0,0,66961,5,2,1,51,False
19,103,0,0,0,0,0,66963,0,0,0,66963,5,2,1,51,False
20,104,0,0,0,0,0,66852,0,0,0,66851,5,2,1,51,False
21,114,0,0,0,0,0,66038,0,0,0,66029,5,2,1,51,False
22,120,0,0,0,0,0,67705,0,0,0,67704,5,2,1,47,False
23,145,0,0,0,0,0,67921,0,0,0,67920,5,2,1,47,False
24,126,0,0,0,0,0,67862,0,0,0,67861,5,2,1,47,False
25,187,0,0,0,0,0,68688,0,0,0,68552,5,2,1,53,False
26,198,0,0,0,0,0,68704,0,0,0,68703,5,2,1,53,False
27,166,0,0,0,0,0,68498,0,0,0,68089,5,2,1,43,False
28,113,0,0,0,0,0,67114,0,0,0,66045,5,2,1,0,True
29,118,0,0,0,0,0,1011039,5581045,13706,0,65970,5,16,1,51,False
30,119,0,0,0,0,0,1011039,5581045,13707,0,65970,5,16,1,51,False
31,216,0,0,0,0,0,1011039,5581045,31404,0,65970,5,16,1,51,False
32,204,0,0,0,0,0,1032254,8157292,28613,0,69272,5,19,1,40,False
33,169,0,0,0,0,0,1019451,6708398,22494,0,68089,5,22,1,43,False
34,170,0,0,0,0,0,1019451,6708398,22462,0,68089,5,22,1,43,False
35,208,0,0,0,0,0,1031680,8104544,30112,0,69208,5,18,1,52,False
36,206,0,0,0,0,0,1031680,8104544,30110,0,69208,5,18,1,52,False
37,220,0,0,0,0,0,1031680,8104544,32826,0,69208,5,18,1,52,False
38,207,0,0,0,0,0,1031680,8104544,30111,0,69208,5,18,1,52,False
39,213,0,0,0,0,0,1031680,8104544,31401,0,69208,5,18,1,52,False
40,203,0,0,0,0,0,1031680,8104544,28612,0,69208,5,18,1,52,False
41,223,0,0,0,0,0,1031680,8104544,32829,0,69208,5,18,1,52,False
42,171,0,0,0,0,0,1025177,7244693,22496,0,65970,5,16,1,51,False
43,180,0,0,0,0,0,1025848,7397074,23365,0,68667,5,20,1,53,False
44,214,0,0,0,0,0,1034202,8395975,31402,0,69477,5,23,1,54,False
45,215,0,0,0,0,0,1034202,8395975,31403,0,69477,5,23,1,54,False
46,124,0,0,0,0,0,15095,0,0,0,0,5,12,0,0,False
47,146,0,0,0,0,0,21307,0,0,0,0,5,6,0,0,False
48,110,0,0,0,0,0,13004,0,0,0,0,5,6,0,0,False
49,125,0,0,0,0,0,20640,0,0,0,0,5,6,0,0,False
50,197,0,0,0,0,0,24235,0,0,0,0,5,6,0,0,False
51,202,0,0,0,0,0,28507,0,0,0,0,5,12,0,0,False
52,205,0,0,0,0,0,30109,0,0,0,0,5,12,0,0,False
53,211,0,0,0,0,0,31399,0,0,0,0,5,12,0,0,False
54,230,0,0,0,0,0,33703,0,0,0,0,5,6,0,0,False
55,191,0,0,0,0,0,24225,0,0,0,0,5,9,0,0,False
56,123,0,0,0,0,0,15096,0,0,0,0,5,12,0,0,False
57,128,0,0,0,0,0,15919,0,0,0,0,5,12,0,0,False
58,142,0,0,0,0,0,16931,0,0,0,0,5,12,0,0,False
59,153,0,0,0,0,0,20567,0,0,0,0,5,12,0,0,False
60,63,0,0,0,0,0,22460,0,0,0,0,5,12,0,0,False
61,232,0,0,0,0,0,33705,0,0,0,0,5,12,0,0,False
62,235,0,0,0,0,0,36916,0,0,0,0,5,6,0,0,False
63,239,0,0,0,0,0,36921,0,0,0,0,5,12,0,0,False
64,209,0,0,0,0,0,31338,0,0,0,0,5,6,0,0,False
65,229,0,0,0,0,0,33702,0,0,0,0,5,12,0,0,False
66,109,0,0,0,0,0,12040,0,0,0,0,5,6,0,0,False
67,130,0,0,0,0,0,15842,0,0,0,0,5,6,0,0,False
68,134,0,0,0,0,0,15842,0,0,0,0,5,6,0,0,False
69,131,0,0,0,0,0,15843,0,0,0,0,5,6,0,0,False
70,135,0,0,0,0,0,15843,0,0,0,0,5,6,0,0,False
71,132,0,0,0,0,0,15844,0,0,0,0,5,6,0,0,False
72,136,0,0,0,0,0,15844,0,0,0,0,5,6,0,0,False
73,129,0,0,0,0,0,15920,0,0,0,0,5,12,0,0,False
74,149,0,0,0,0,0,20641,0,0,0,0,5,6,0,0,False
75,0,0,0,0,0,0,0,0,0,0,0,0,0,0,0,False
76,0,0,0,0,0,0,0,0,0,0,0,0,0,0,0,False
77,0,0,0,0,0,0,0,0,0,0,0,0,0,0,0,False
78,173,0,0,0,0,0,23361,0,0,0,0,5,12,0,0,False
79,174,0,0,0,0,0,23362,0,0,0,0,5,12,0,0,False
80,185,0,0,0,0,0,24220,0,0,0,0,5,12,0,0,False
81,186,0,0,0,0,0,24221,0,0,0,0,5,12,0,0,False
82,192,0,0,0,0,0,25003,0,0,0,0,5,12,0,0,False
83,193,0,0,0,0,0,25004,0,0,0,0,5,12,0,0,False
84,210,0,0,0,0,0,31398,0,0,0,0,5,12,0,0,False
85,212,0,0,0,0,0,31400,0,0,0,0,5,6,0,0,False
86,0,0,0,0,0,0,0,0,0,0,0,0,0,0,0,False
87,241,0,0,0,0,0,36922,0,0,0,0,5,6,0,0,False
88,242,0,0,0,0,0,36922,0,0,0,0,5,6,0,0,False
89,138,0,0,0,0,0,16040,0,0,0,0,5,12,0,0,True
90,144,0,0,0,0,0,16041,0,0,0,0,5,12,0,0,True
91,62,0,0,0,0,0,22461,0,0,0,0,5,12,0,0,False
92,175,0,0,0,0,0,23363,0,0,0,0,5,12,0,0,True
93,0,0,0,0,0,0,0,0,0,0,0,0,0,0,0,False
94,0,0,0,0,0,0,0,0,0,0,0,0,0,0,0,False
95,195,0,0,0,0,0,25001,0,0,0,0,5,7,0,0,False
96,181,0,0,0,0,0,23366,0,0,0,0,5,7,0,0,False
97,189,0,0,0,0,0,24224,0,0,0,0,5,7,0,0,False
98,224,0,0,0,0,0,32830,0,0,0,0,5,43,0,0,False
99,0,0,0,0,0,0,0,0,0,0,0,0,0,0,0,False
100,0,0,0,0,0,0,0,0,0,0,0,0,0,0,0,False
101,0,0,0,0,0,0,0,0,0,0,0,0,0,0,0,False
102,188,0,0,0,0,0,24222,0,0,0,0,5,43,0,0,False
103,221,0,0,0,0,0,32827,0,0,0,69208,5,7,1,52,False
104,222,0,0,0,0,0,32828,0,0,0,0,5,7,0,0,False
105,167,0,0,0,0,0,1024219,7091591,21102,0,68514,5,17,1,48,False
106,64,0,0,0,0,0,1024774,7186923,22377,0,68574,5,17,1,48,False
107,176,0,0,0,0,0,1025604,7380348,23364,0,68636,5,17,1,48,False
108,217,0,0,0,0,0,1033714,8368178,31405,0,69437,5,17,1,49,False
109,0,0,0,0,0,0,0,0,0,0,0,0,0,0,0,False
110,0,0,0,0,0,0,0,0,0,0,0,0,0,0,0,False
111,0,0,0,0,0,0,0,0,0,0,0,0,0,0,0,False
112,115,0,0,0,0,0,12041,0,0,0,0,5,8,0,0,True
113,155,0,0,0,0,0,1966,0,0,0,66967,5,11,1,51,False
114,156,0,0,0,0,0,1966,0,0,0,66967,5,11,1,51,False
115,157,0,0,0,0,0,1966,0,0,0,66967,5,11,1,51,False
116,158,0,0,0,0,0,1966,0,0,0,66967,5,11,1,51,False
117,164,0,0,0,0,0,21319,0,0,0,66047,5,5,1,41,False
118,165,0,0,0,0,0,21320,0,0,0,66047,5,5,1,41,False
119,182,0,0,0,0,0,1005244,4270098,23367,0,0,5,21,0,0,False
120,240,0,0,0,0,0,1038441,9159882,36920,0,0,5,21,0,0,False
121,238,0,0,0,0,0,1011039,5581045,36918,0,65970,5,16,1,51,False
122,237,0,0,0,0,0,1011039,5581045,36919,0,65970,5,16,1,51,False
123,196,0,0,0,0,0,1005244,4270098,25002,0,0,5,21,0,0,False
124,0,0,0,0,0,0,1038441,9159882,37247,0,0,9,21,0,0,False
125,1,0,0,0,0,0,1038441,9159882,37249,0,0,9,21,0,0,False
126,2,0,0,0,0,0,1038441,9159882,37253,0,0,9,21,0,0,False
127,3,0,0,0,0,0,1038441,9159882,37262,0,0,9,21,0,0,False
128,4,0,0,0,0,0,1038441,9159882,37255,0,0,9,21,0,0,False
129,5,0,0,0,0,0,1038441,9159882,37258,0,0,9,21,0,0,False
130,6,0,0,0,0,0,1038441,9159882,37259,0,0,9,21,0,0,False
131,7,0,0,0,0,0,1038441,9159882,37264,0,0,9,21,0,0,False
132,8,0,0,0,0,0,1038441,9159882,37248,0,0,9,21,0,0,False
133,9,0,0,0,0,0,1038441,9159882,37250,0,0,9,21,0,0,False
134,10,0,0,0,0,0,1038441,9159882,37252,0,0,9,21,0,0,False
135,11,0,0,0,0,0,1038441,9159882,37260,0,0,9,21,0,0,False
136,12,0,0,0,0,0,1038441,9159882,37265,0,0,9,21,0,0,False
137,13,0,0,0,0,0,1038441,9159882,37251,0,0,9,21,0,0,False
138,14,0,0,0,0,0,1038441,9159882,37254,0,0,9,21,0,0,False
139,15,0,0,0,0,0,1038441,9159882,37263,0,0,9,21,0,0,False
140,16,0,0,0,0,0,1038441,9159882,37256,0,0,9,21,0,0,False
141,17,0,0,0,0,0,1038441,9159882,37257,0,0,9,21,0,0,False
142,18,0,0,0,0,0,1038441,9159882,37261,0,0,9,21,0,0,False
143,19,0,0,0,0,0,1038441,9159882,37266,0,0,9,21,0,0,False
144,20,0,0,0,0,0,1038441,9159882,37267,0,0,9,21,0,0,False
145,21,0,0,0,0,0,3052,0,0,0,0,9,11,0,0,True
146,21,22,0,0,0,0,3053,0,0,0,0,11,11,0,0,True
147,21,22,23,0,0,0,3054,0,0,0,0,11,11,0,0,True
148,29,28,27,26,25,24,1005417,6245610,0,0,0,11,13,0,0,True
149,29,28,27,26,25,0,1005417,6245610,0,0,0,11,13,0,0,True
150,29,28,27,26,0,0,1005417,6245610,0,0,0,11,13,0,0,True
151,29,28,27,0,0,0,1005417,6245610,0,0,0,11,13,0,0,True
152,29,28,0,0,0,0,1005417,6245610,0,0,0,11,13,0,0,True
153,29,0,0,0,0,0,1005417,6245610,0,0,0,9,13,0,0,True
154,406,0,0,0,0,0,0,0,0,0,0,2,9,0,0,False
155,436,0,0,0,0,0,0,0,0,0,0,2,10,0,0,False
156,65801,0,0,0,0,0,65801,0,0,0,65800,1,2,1,1,False
157,65855,0,0,0,0,0,65855,0,0,0,65854,1,2,1,2,False
158,65977,0,0,0,0,0,65977,0,0,0,65976,1,2,1,3,False
159,66103,0,0,0,0,0,66103,0,0,0,66102,1,2,1,4,False
160,65975,0,0,0,0,0,65975,0,0,0,65974,1,2,1,5,False
161,65691,0,0,0,0,0,65691,0,0,0,65690,1,2,1,6,False
162,65612,0,0,0,0,0,65612,0,0,0,65607,1,2,1,7,False
163,65889,0,0,0,0,0,65889,0,0,0,65888,1,2,1,8,False
164,65997,0,0,0,0,0,65997,0,0,0,65996,1,2,1,9,False
165,66591,0,0,0,0,0,66591,0,0,0,0,1,2,0,0,False
166,66585,0,0,0,0,0,66585,0,0,0,0,1,2,0,0,False
167,67589,0,0,0,0,0,67589,0,0,0,0,1,2,0,0,False
168,68797,0,0,0,0,0,68797,0,0,0,0,1,2,0,0,False
169,66615,0,0,0,0,0,66615,0,0,0,0,1,2,0,0,False
170,66633,0,0,0,0,0,66633,0,0,0,0,1,2,0,0,False
171,67548,0,0,0,0,0,67548,0,0,0,0,1,2,0,0,False
172,69603,0,0,0,0,0,69603,0,0,0,0,1,2,0,0,False
173,66597,0,0,0,0,0,66597,0,0,0,0,1,2,0,0,False
174,66603,0,0,0,0,0,66603,0,0,0,0,1,2,0,0,False
175,65748,0,0,0,0,0,65748,0,0,0,0,1,2,0,0,False
176,68095,0,0,0,0,0,68095,0,0,0,0,1,2,0,0,False
177,69609,0,0,0,0,0,69609,0,0,0,0,1,2,0,0,False
178,66621,0,0,0,0,0,66621,0,0,0,0,1,2,0,0,False
179,67232,0,0,0,0,0,67232,0,0,0,0,1,2,0,0,False
180,68785,0,0,0,0,0,68785,0,0,0,0,1,2,0,0,False
181,66609,0,0,0,0,0,66609,0,0,0,0,1,2,0,0,False
182,66627,0,0,0,0,0,66627,0,0,0,0,1,2,0,0,False
183,68112,0,0,0,0,0,68112,0,0,0,0,1,2,0,0,False
184,68728,0,0,0,0,0,68728,0,0,0,0,1,2,0,0,False
185,66596,0,0,0,0,0,66596,0,0,0,66595,1,2,1,21,False
186,66590,0,0,0,0,0,66590,0,0,0,66589,1,2,1,22,False
187,67594,0,0,0,0,0,67594,0,0,0,67593,1,2,1,23,False
188,66620,0,0,0,0,0,66620,0,0,0,66619,1,2,1,25,False
189,66638,0,0,0,0,0,66638,0,0,0,66637,1,2,1,26,False
190,67555,0,0,0,0,0,67555,0,0,0,67554,1,2,1,27,False
191,66602,0,0,0,0,0,66602,0,0,0,66601,1,2,1,29,False
192,66608,0,0,0,0,0,66608,0,0,0,66607,1,2,1,30,False
193,65770,0,0,0,0,0,65770,0,0,0,65769,1,2,1,31,False
194,66626,0,0,0,0,0,66626,0,0,0,66625,1,2,1,34,False
195,67240,0,0,0,0,0,67240,0,0,0,67239,1,2,1,35,False
196,66614,0,0,0,0,0,66614,0,0,0,66613,1,2,1,37,False
197,66632,0,0,0,0,0,66632,0,0,0,66631,1,2,1,38,False
198,68734,0,0,0,0,0,68734,0,0,0,68733,1,2,1,40,False
199,67573,0,0,0,0,0,67573,0,0,0,67572,1,2,1,21,False
200,66137,0,0,0,0,0,66137,0,0,0,66134,1,2,1,22,False
201,67600,0,0,0,0,0,67600,0,0,0,67599,1,2,1,23,False
202,67261,0,0,0,0,0,67261,0,0,0,67260,1,2,1,25,False
203,67212,0,0,0,0,0,67212,0,0,0,67211,1,2,1,26,False
204,67561,0,0,0,0,0,67561,0,0,0,67560,1,2,1,27,False
205,67567,0,0,0,0,0,67567,0,0,0,67566,1,2,1,29,False
206,67231,0,0,0,0,0,67231,0,0,0,67230,1,2,1,30,False
207,67224,0,0,0,0,0,67224,0,0,0,67223,1,2,1,31,False
208,68101,0,0,0,0,0,68101,0,0,0,68100,1,2,1,32,False
209,67254,0,0,0,0,0,67254,0,0,0,67253,1,2,1,34,False
210,67248,0,0,0,0,0,67248,0,0,0,67247,1,2,1,35,False
211,67219,0,0,0,0,0,67219,0,0,0,67218,1,2,1,37,False
212,67641,0,0,0,0,0,67641,0,0,0,67640,1,2,1,38,False
213,68118,0,0,0,0,0,68118,0,0,0,68117,1,2,1,39,False
214,69273,0,0,0,0,0,69273,0,0,0,69272,1,2,1,40,False
215,68111,0,0,0,0,0,68111,0,0,0,68110,1,2,1,21,False
216,68440,0,0,0,0,0,68440,0,0,0,68439,1,2,1,22,False
217,68455,0,0,0,0,0,68455,0,0,0,68454,1,2,1,23,False
218,68802,0,0,0,0,0,68802,0,0,0,68801,1,2,1,24,False
219,67954,0,0,0,0,0,67954,0,0,0,67953,1,2,1,25,False
220,68463,0,0,0,0,0,68463,0,0,0,68462,1,2,1,26,False
221,67949,0,0,0,0,0,67949,0,0,0,67948,1,2,1,27,False
222,67966,0,0,0,0,0,67966,0,0,0,67965,1,2,1,29,False
223,68450,0,0,0,0,0,68450,0,0,0,68449,1,2,1,30,False
224,68488,0,0,0,0,0,68488,0,0,0,68487,1,2,1,31,False
225,68106,0,0,0,0,0,68106,0,0,0,68105,1,2,1,32,False
226,68430,0,0,0,0,0,68430,0,0,0,68429,1,2,1,34,False
227,68445,0,0,0,0,0,68445,0,0,0,68444,1,2,1,35,False
228,68790,0,0,0,0,0,68790,0,0,0,68789,1,2,1,36,False
229,68128,0,0,0,0,0,68128,0,0,0,68127,1,2,1,37,False
230,68165,0,0,0,0,0,68165,0,0,0,68164,1,2,1,38,False
231,68123,0,0,0,0,0,68123,0,0,0,68122,1,2,1,39,False
232,69530,0,0,0,0,0,69530,0,0,0,69529,1,2,1,40,False
233,0,0,0,0,0,0,0,0,0,0,0,0,0,0,0,False
234,0,0,0,0,0,0,0,0,0,0,0,0,0,0,0,False
235,68784,0,0,0,0,0,68784,0,0,0,68783,1,2,1,0,False
236,68808,0,0,0,0,0,68808,0,0,0,68807,1,2,1,0,False
237,68814,0,0,0,0,0,68814,0,0,0,68813,1,2,1,0,False
238,69164,0,0,0,0,0,69164,0,0,0,69163,1,2,1,0,False
239,69643,0,0,0,0,0,69643,0,0,0,69642,1,2,1,0,False
240,69649,0,0,0,0,0,69649,0,0,0,69648,1,2,1,0,False
241,69655,0,0,0,0,0,69655,0,0,0,69654,1,2,1,0,False
242,69661,0,0,0,0,0,69661,0,0,0,69660,1,2,1,0,False
243,69667,0,0,0,0,0,69667,0,0,0,69666,1,2,1,0,False
244,65674,0,0,0,0,0,65674,0,0,0,0,1,2,0,0,False
245,65827,0,0,0,0,0,65827,0,0,0,0,1,2,0,0,False
246,65809,0,0,0,0,0,65809,0,0,0,0,1,2,0,0,False
247,66144,0,0,0,0,0,66144,0,0,0,0,1,2,0,0,False
248,65641,0,0,0,0,0,65641,0,0,0,0,1,2,0,0,False
249,66070,0,0,0,0,0,66070,0,0,0,0,1,2,0,0,False
250,66111,0,0,0,0,0,66111,0,0,0,0,1,2,0,0,False
251,65807,0,0,0,0,0,65807,0,0,0,0,1,2,0,0,False
252,66075,0,0,0,0,0,66075,0,0,0,66074,1,2,1,10,False
253,65838,0,0,0,0,0,65838,0,0,0,65837,1,2,1,11,False
254,65820,0,0,0,0,0,65820,0,0,0,65819,1,2,1,12,False
255,66194,0,0,0,0,0,66194,0,0,0,66193,1,2,1,13,False
256,65602,0,0,0,0,0,65602,0,0,0,65601,1,2,1,14,False
257,66190,0,0,0,0,0,66190,0,0,0,66189,1,2,1,15,False
258,66186,0,0,0,0,0,66186,0,0,0,66185,1,2,1,16,False
259,65806,0,0,0,0,0,65806,0,0,0,65805,1,2,1,17,False
260,67537,0,0,0,0,0,67537,0,0,0,67536,1,2,1,10,False
261,67547,0,0,0,0,0,67547,0,0,0,67546,1,2,1,11,False
262,67578,0,0,0,0,0,67578,0,0,0,67577,1,2,1,12,False
263,67610,0,0,0,0,0,67610,0,0,0,67609,1,2,1,13,False
264,67615,0,0,0,0,0,67615,0,0,0,67614,1,2,1,14,False
265,67542,0,0,0,0,0,67542,0,0,0,67541,1,2,1,15,False
266,67605,0,0,0,0,0,67605,0,0,0,67604,1,2,1,16,False
267,67583,0,0,0,0,0,67583,0,0,0,67582,1,2,1,17,False
268,67981,0,0,0,0,0,67981,0,0,0,67980,1,2,1,10,False
269,68155,0,0,0,0,0,68155,0,0,0,68154,1,2,1,11,False
270,68134,0,0,0,0,0,68134,0,0,0,68133,1,2,1,12,False
271,68139,0,0,0,0,0,68139,0,0,0,68138,1,2,1,13,False
272,68151,0,0,0,0,0,68151,0,0,0,68150,1,2,1,14,False
273,67971,0,0,0,0,0,67971,0,0,0,67970,1,2,1,15,False
274,67976,0,0,0,0,0,67976,0,0,0,67975,1,2,1,16,False
275,68144,0,0,0,0,0,68144,0,0,0,68143,1,2,1,17,False
276,66133,0,0,0,0,0,66133,0,0,0,0,1,2,0,0,False
277,65539,0,0,0,0,0,65539,0,0,0,0,1,2,0,0,False
278,66643,0,0,0,0,0,66643,0,0,0,0,1,2,0,0,False
279,66182,0,0,0,0,0,66182,0,0,0,66181,1,2,1,18,False
280,65549,0,0,0,0,0,65549,0,0,0,65548,1,2,1,19,False
281,66654,0,0,0,0,0,66654,0,0,0,66653,1,2,1,20,False
282,67620,0,0,0,0,0,67620,0,0,0,67619,1,2,1,18,False
283,67588,0,0,0,0,0,67588,0,0,0,67587,1,2,1,19,False
284,67625,0,0,0,0,0,67625,0,0,0,67624,1,2,1,20,False
285,68094,0,0,0,0,0,68094,0,0,0,68093,1,2,1,18,False
286,68160,0,0,0,0,0,68160,0,0,0,68159,1,2,1,19,False
287,68435,0,0,0,0,0,68435,0,0,0,68434,1,2,1,20,False
288,68765,0,0,0,0,0,68765,0,0,0,68764,1,2,1,0,False
289,68768,0,0,0,0,0,68768,0,0,0,68767,1,2,1,0,False
290,68771,0,0,0,0,0,68771,0,0,0,68770,1,2,1,0,False
291,68774,0,0,0,0,0,68774,0,0,0,68773,1,2,1,0,False
292,68777,0,0,0,0,0,68777,0,0,0,68776,1,2,1,0,False
293,69674,0,0,0,0,0,69674,0,0,0,69673,1,2,1,0,False
294,69681,0,0,0,0,0,69681,0,0,0,69680,1,2,1,0,False
295,69688,0,0,0,0,0,69688,0,0,0,69687,1,2,1,0,False
296,69695,0,0,0,0,0,69695,0,0,0,69694,1,2,1,0,False
297,69702,0,0,0,0,0,69702,0,0,0,69701,1,2,1,0,False
298,65971,0,0,0,0,0,65971,0,0,0,0,1,2,0,0,False
299,66196,0,0,0,0,0,66196,0,0,0,66214,1,2,1,41,False
300,68746,0,0,0,0,0,68746,0,0,0,68111,1,2,1,21,False
301,68748,0,0,0,0,0,68748,0,0,0,68440,1,2,1,22,False
302,68757,0,0,0,0,0,68757,0,0,0,68455,1,2,1,23,False
303,68761,0,0,0,0,0,68761,0,0,0,68802,1,2,1,24,False
304,68751,0,0,0,0,0,68751,0,0,0,67954,1,2,1,25,False
305,68754,0,0,0,0,0,68754,0,0,0,68463,1,2,1,26,False
306,68758,0,0,0,0,0,68758,0,0,0,67949,1,2,1,27,False
307,69608,0,0,0,0,0,69608,0,0,0,69607,1,2,1,28,False
308,68747,0,0,0,0,0,68747,0,0,0,67966,1,2,1,29,False
309,68749,0,0,0,0,0,68749,0,0,0,68450,1,2,1,30,False
310,68755,0,0,0,0,0,68755,0,0,0,68488,1,2,1,31,False
311,68759,0,0,0,0,0,68759,0,0,0,68106,1,2,1,32,False
312,69614,0,0,0,0,0,69614,0,0,0,69613,1,2,1,33,False
313,68750,0,0,0,0,0,68750,0,0,0,68430,1,2,1,34,False
314,68756,0,0,0,0,0,68756,0,0,0,68445,1,2,1,35,False
315,68762,0,0,0,0,0,68762,0,0,0,68790,1,2,1,36,False
316,68752,0,0,0,0,0,68752,0,0,0,68128,1,2,1,37,False
317,68753,0,0,0,0,0,68753,0,0,0,68165,1,2,1,38,False
318,68760,0,0,0,0,0,68760,0,0,0,68123,1,2,1,39,False
319,30057,0,0,0,0,0,280,0,0,0,30057,4,3,3,63,False
320,30067,0,0,0,0,0,539,0,0,0,30067,4,3,3,63,False
321,30086,0,0,0,0,0,694,0,0,0,30086,4,3,3,64,False
322,30106,0,0,0,0,0,788,0,0,0,30106,4,3,3,65,False
323,32,0,0,0,0,0,3114,0,0,0,0,9,11,0,0,True
324,32,33,0,0,0,0,3115,0,0,0,0,11,11,0,0,True
325,32,33,34,0,0,0,3116,0,0,0,0,11,11,0,0,True
326,40,39,38,37,36,35,1005417,6245610,0,0,0,11,13,0,0,True
327,40,39,38,37,36,0,1005417,6245610,0,0,0,11,13,0,0,True
328,40,39,38,37,0,0,1005417,6245610,0,0,0,11,13,0,0,True
329,40,39,38,0,0,0,1005417,6245610,0,0,0,11,13,0,0,True
330,40,39,0,0,0,0,1005417,6245610,0,0,0,11,13,0,0,True
331,40,0,0,0,0,0,1005417,6245610,0,0,0,9,13,0,0,True
332,41,0,0,0,0,0,3117,0,0,0,0,9,11,0,0,True
333,41,42,0,0,0,0,3118,0,0,0,0,11,11,0,0,True
334,41,42,43,0,0,0,3119,0,0,0,0,11,11,0,0,True
335,49,48,47,46,45,44,1005417,6245610,0,0,0,11,13,0,0,True
336,49,48,47,46,45,0,1005417,6245610,0,0,0,11,13,0,0,True
337,49,48,47,46,0,0,1005417,6245610,0,0,0,11,13,0,0,True
338,49,48,47,0,0,0,1005417,6245610,0,0,0,11,13,0,0,True
339,49,48,0,0,0,0,1005417,6245610,0,0,0,11,13,0,0,True
340,49,0,0,0,0,0,1005417,6245610,0,0,0,9,13,0,0,True
341,30,0,0,0,0,0,1038441,9159882,38348,0,0,9,21,0,0,False
342,31,0,0,0,0,0,1038441,9159882,38349,0,0,9,21,0,0,False
343,50,0,0,0,0,0,1043625,9323367,38465,0,37001,9,24,3,55,False
344,51,0,0,0,0,0,1043418,9308277,38466,0,70142,9,17,1,50,False
345,248,0,0,0,0,0,1038441,9159882,38572,0,0,5,21,0,0,False
346,66047,0,0,0,0,0,66047,0,0,0,65879,1,2,1,41,False
347,255,0,0,0,0,0,0,0,0,0,66621,2,15,1,34,False
348,2,0,0,0,0,0,6004,0,0,0,0,6,30,0,0,False
349,3,0,0,0,0,0,6005,0,0,0,0,6,30,0,0,False
350,1,0,0,0,0,0,6003,0,0,0,0,6,30,0,0,False
351,5,0,0,0,0,0,6166,0,0,0,0,6,12,0,0,False
352,12,0,0,0,0,0,5,0,6173,0,5,6,31,4,66,False
353,28,0,0,0,0,0,1008119,4374264,6189,0,0,6,29,0,0,False
354,33,0,0,0,0,0,66558,0,0,0,67089,6,2,1,51,False
355,34,0,0,0,0,0,6195,0,0,0,0,6,7,0,0,False
356,41,0,0,0,0,0,66386,0,0,0,66384,6,2,1,41,False
357,44,0,0,0,0,0,14,0,6205,0,14,6,31,4,66,False
358,51,0,0,0,0,0,1008145,4326414,6212,0,0,6,28,0,0,False
359,53,0,0,0,0,0,6214,0,0,0,0,6,45,0,0,False
360,35,0,0,0,0,0,66826,0,0,0,66825,6,2,1,51,False
361,19,0,0,0,0,0,66827,0,0,0,66825,6,2,1,51,False
362,23,0,0,0,0,0,6184,0,0,0,0,6,43,0,0,False
363,81,0,0,0,0,0,7568,0,0,0,0,6,45,0,0,False
364,79,0,0,0,0,0,7558,0,0,0,0,6,12,0,0,False
365,97,0,0,0,0,0,8202,0,0,0,0,6,43,0,0,False
366,110,0,0,0,0,0,9347,0,0,0,0,6,44,0,0,False
367,117,0,0,0,0,0,1011039,5581045,9351,0,65970,6,16,1,51,False
368,149,0,0,0,0,0,67649,0,0,0,67205,6,2,1,52,False
369,157,0,0,0,0,0,1031680,8104544,13275,0,69208,6,18,1,52,False
370,166,0,0,0,0,0,41,0,13283,0,41,6,31,4,67,False
371,241,0,0,0,0,0,20525,0,0,0,0,6,44,0,0,False
372,253,0,0,0,0,0,20537,0,0,0,0,6,43,0,0,False
373,260,0,0,0,0,0,1017653,6526530,20544,0,67928,6,42,1,52,False
374,267,0,0,0,0,0,21058,0,0,0,0,6,44,0,0,False
375,337,0,0,0,0,0,69018,0,0,0,69017,6,2,1,54,False
376,342,0,0,0,0,0,1027955,7989343,26796,0,68933,6,4,1,54,False
377,375,0,0,0,0,0,2560,0,0,0,69379,6,11,1,51,False
378,4,0,0,0,0,0,6165,0,0,0,0,6,12,0,0,True
379,16,0,0,0,0,0,6177,0,0,0,0,6,43,0,0,False
380,37,0,0,0,0,0,1008119,4374264,6198,0,0,6,29,0,0,False
381,40,0,0,0,0,0,929,0,0,0,65698,6,11,1,51,False
382,46,0,0,0,0,0,6207,0,0,0,0,6,6,0,0,False
383,48,0,0,0,0,0,6209,0,0,0,0,6,7,0,0,False
384,57,0,0,0,0,0,28,0,7567,0,28,6,31,4,66,False
385,82,0,0,0,0,0,8190,0,0,0,0,6,7,0,0,False
386,85,0,0,0,0,0,1008145,4326414,8191,0,0,6,28,0,0,False
387,86,0,0,0,0,0,8192,0,0,0,0,6,7,0,0,False
388,87,0,0,0,0,0,8193,0,0,0,0,6,7,0,0,False
389,88,0,0,0,0,0,8194,0,0,0,0,6,7,0,0,False
390,89,0,0,0,0,0,8195,0,0,0,0,6,7,0,0,False
391,90,0,0,0,0,0,8196,0,0,0,0,6,7,0,0,False
392,104,0,0,0,0,0,81,0,9344,0,20026,6,33,4,71,False
393,122,0,0,0,0,0,85,0,10076,0,20030,6,33,4,71,False
394,136,0,0,0,0,0,12051,0,0,0,0,6,45,0,0,False
395,139,0,0,0,0,0,37,0,12054,0,37,6,31,4,67,False
396,141,0,0,0,0,0,39,0,12056,0,39,6,31,4,67,False
397,164,0,0,0,0,0,1385,0,0,0,65970,6,11,1,51,False
398,187,0,0,0,0,0,1011039,5581045,15438,0,65970,6,16,1,51,False
399,216,0,0,0,0,0,182,0,16572,0,46,6,31,4,67,False
400,247,0,0,0,0,0,240,0,20531,0,53,6,31,4,68,False
401,255,0,0,0,0,0,20539,0,0,0,0,6,45,0,0,False
402,319,0,0,0,0,0,24640,0,0,0,68149,6,7,1,53,False
403,242,0,0,0,0,0,1019451,6708398,20526,0,68089,6,27,1,43,False
404,349,0,0,0,0,0,652,0,26803,0,67,6,31,4,69,False
405,353,0,0,0,0,0,28618,0,0,0,0,6,44,0,0,False
406,387,0,0,0,0,0,1033921,8372497,30874,0,69501,6,26,1,54,False
407,396,0,0,0,0,0,2757,0,0,0,69379,6,11,1,51,False
408,251,0,0,0,0,0,39498,0,0,0,0,5,14,0,0,True
409,52,0,0,0,0,0,3218,0,0,0,0,9,11,0,0,True
410,52,53,0,0,0,0,3219,0,0,0,0,11,11,0,0,True
411,52,53,54,0,0,0,3220,0,0,0,0,11,11,0,0,True
412,60,0,0,0,0,0,1005417,6245610,0,0,0,9,13,0,0,True
413,60,59,0,0,0,0,1005417,6245610,0,0,0,11,13,0,0,True
414,60,59,58,0,0,0,1005417,6245610,0,0,0,11,13,0,0,True
415,60,59,58,57,0,0,1005417,6245610,0,0,0,11,13,0,0,True
416,60,59,58,57,56,0,1005417,6245610,0,0,0,11,13,0,0,True
417,60,59,58,57,56,55,1005417,6245610,0,0,0,11,13,0,0,True
418,61,0,0,0,0,0,3221,0,0,0,0,9,11,0,0,True
419,61,62,0,0,0,0,3222,0,0,0,0,11,11,0,0,True
420,61,62,63,0,0,0,3223,0,0,0,0,11,11,0,0,True
421,69,0,0,0,0,0,1005417,6245610,0,0,0,9,13,0,0,True
422,69,68,0,0,0,0,1005417,6245610,0,0,0,11,13,0,0,True
423,69,68,67,0,0,0,1005417,6245610,0,0,0,11,13,0,0,True
424,69,68,67,66,0,0,1005417,6245610,0,0,0,11,13,0,0,True
425,69,68,67,66,65,0,1005417,6245610,0,0,0,11,13,0,0,True
426,69,68,67,66,65,64,1005417,6245610,0,0,0,11,13,0,0,True
427,70,0,0,0,0,0,39570,0,0,0,0,9,14,0,0,True
428,71,0,0,0,0,0,39571,0,0,0,0,9,14,0,0,True
429,72,0,0,0,0,0,1031810,8141644,39572,0,69224,9,17,1,49,False
430,73,0,0,0,0,0,1032661,8267961,39573,0,69335,9,17,1,49,False
431,74,0,0,0,0,0,1033714,8368178,39574,0,69437,9,17,1,49,False
432,75,0,0,0,0,0,1042424,9160432,39575,0,70086,9,17,1,50,False
433,76,0,0,0,0,0,1044404,9527715,39576,0,70222,9,17,1,50,False
434,30124,0,0,0,0,0,908,0,0,0,30124,4,3,3,65,False
435,106,0,0,0,0,0,1011039,5581045,9346,0,65970,6,16,1,51,False
436,47,0,0,0,0,0,18,0,6208,0,18,6,31,4,66,False
437,80,0,0,0,0,0,20,0,7564,0,20,6,31,4,66,False
438,111,0,0,0,0,0,9348,0,0,0,0,6,44,0,0,False
439,163,0,0,0,0,0,1382,0,0,0,65971,6,11,1,51,False
440,180,0,0,0,0,0,140,0,14100,0,42,6,31,4,67,False
441,181,0,0,0,0,0,67768,0,0,0,67767,6,2,1,42,False
442,405,0,0,0,0,0,746,0,32856,0,76,6,31,4,69,False
443,246,0,0,0,0,0,20530,0,0,0,0,6,44,0,0,False
444,330,0,0,0,0,0,24903,0,0,0,0,6,43,0,0,False
445,462,0,0,0,0,0,1033921,8372497,38450,0,69501,6,26,1,54,False
446,258,0,0,0,0,0,238,0,20542,0,52,6,31,4,68,False
447,272,0,0,0,0,0,279,0,21193,0,58,6,31,4,68,False
448,273,0,0,0,0,0,21063,0,0,0,0,6,44,0,0,False
449,340,0,0,0,0,0,1027988,7873348,26794,0,69133,6,22,1,54,False
450,138,0,0,0,0,0,33,0,12053,0,33,6,31,4,67,False
451,284,0,0,0,0,0,21920,0,0,0,0,6,45,0,0,False
452,303,0,0,0,0,0,23989,0,0,0,0,6,45,0,0,False
453,327,0,0,0,0,0,24634,0,0,0,0,6,45,0,0,False
454,91,0,0,0,0,0,8722,0,0,0,66060,6,12,1,41,False
455,98,0,0,0,0,0,8203,0,0,0,66060,6,6,1,41,False
456,99,0,0,0,0,0,8204,0,0,0,66060,6,6,1,41,False
457,107,0,0,0,0,0,8723,0,0,0,66060,6,12,1,41,False
458,108,0,0,0,0,0,8724,0,0,0,66060,6,12,1,41,False
459,109,0,0,0,0,0,8725,0,0,0,66060,6,12,1,41,False
460,130,0,0,0,0,0,67140,0,0,0,67139,6,2,1,42,False
461,131,0,0,0,0,0,10075,0,0,0,66060,6,12,1,41,False
462,132,0,0,0,0,0,12047,0,0,0,66060,6,12,1,41,False
463,133,0,0,0,0,0,67184,0,0,0,67183,6,2,1,42,False
464,456,0,0,0,0,0,1043463,9318702,38444,0,70179,6,25,1,55,False
465,81,0,0,0,0,0,1044503,9553386,39577,3176,70199,9,47,1,55,False
466,82,0,0,0,0,0,1044503,9553386,39580,3178,70200,9,47,1,55,False
467,68702,0,0,0,0,0,68702,0,0,0,68701,1,2,1,78,False
468,77,0,0,0,0,0,1043463,9318702,39578,0,70179,9,25,1,55,False
469,78,0,0,0,0,0,1043463,9318702,39579,0,70179,9,25,1,55,False
470,252,0,0,0,0,0,70222,0,0,0,70221,5,2,1,50,False
471,263,0,0,0,0,0,40358,0,0,0,0,5,14,0,0,True
472,463,0,0,0,0,0,868,0,38451,0,37001,6,34,3,55,False
473,448,0,0,0,0,0,36855,0,0,0,0,6,44,0,0,False
474,384,0,0,0,0,0,30871,0,0,0,0,6,7,0,0,False
475,95,0,0,0,0,0,8200,0,0,0,0,6,45,0,0,False
476,333,0,0,0,0,0,676,0,26787,0,72,6,31,4,69,False
477,271,0,0,0,0,0,21064,0,0,0,0,6,44,0,0,False
478,316,0,0,0,0,0,24002,0,0,0,0,6,43,0,0,False
479,422,0,0,0,0,0,35970,0,0,0,0,6,44,0,0,False
480,467,0,0,0,0,0,1033921,8372497,39474,0,69501,6,26,1,54,False
481,371,0,0,0,0,0,30093,0,0,0,0,6,7,0,0,False
482,438,0,0,0,0,0,35986,0,0,0,0,6,44,0,0,False
483,444,0,0,0,0,0,1042424,9160432,36851,0,70082,6,17,1,50,False
484,439,0,0,0,0,0,35987,0,0,0,0,6,44,0,0,False
485,472,0,0,0,0,0,1044404,9527715,39479,0,70219,6,17,1,50,False
486,425,0,0,0,0,0,784,0,35973,0,79,6,31,4,70,False
487,344,0,0,0,0,0,1017653,6526530,26798,0,67928,6,42,1,52,False
488,345,0,0,0,0,0,1017653,6526530,26799,0,67928,6,42,1,52,False
489,305,0,0,0,0,0,590,0,23991,0,30072,6,32,4,104,False
490,304,0,0,0,0,0,68693,0,0,0,68692,6,2,1,53,False
491,192,0,0,0,0,0,15443,0,0,0,0,6,6,0,0,False
492,224,0,0,0,0,0,67886,0,0,0,67885,6,2,1,42,False
493,21,0,0,0,0,0,66038,0,0,0,66029,6,2,1,51,False
494,84,0,0,0,0,0,1008145,4326414,8721,0,0,6,28,0,0,False
495,173,0,0,0,0,0,67699,0,0,0,67698,6,2,1,42,False
496,193,0,0,0,0,0,67783,0,0,0,67782,6,2,1,42,False
497,228,0,0,0,0,0,1017653,6526530,17527,0,67928,6,42,1,52,False
498,174,0,0,0,0,0,1011039,5581045,14096,0,65970,6,16,1,51,False
499,71,0,0,0,0,0,1008145,4326414,6988,0,0,6,28,0,0,False
500,71,0,0,0,0,0,1008145,4326414,6988,0,0,6,28,0,0,False
501,71,0,0,0,0,0,1008145,4326414,6988,0,0,6,28,0,0,False
502,83,0,0,0,0,0,3270,0,0,0,0,9,11,0,0,True
503,83,84,0,0,0,0,3271,0,0,0,0,11,11,0,0,True
504,83,84,85,0,0,0,3272,0,0,0,0,11,11,0,0,True
505,91,0,0,0,0,0,1005417,6245610,0,0,0,9,13,0,0,True
506,91,90,0,0,0,0,1005417,6245610,0,0,0,11,13,0,0,True
507,91,90,89,0,0,0,1005417,6245610,0,0,0,11,13,0,0,True
508,91,90,89,88,0,0,1005417,6245610,0,0,0,11,13,0,0,True
509,91,90,89,88,87,0,1005417,6245610,0,0,0,11,13,0,0,True
510,91,90,89,88,87,86,1005417,6245610,0,0,0,11,13,0,0,True
511,92,0,0,0,0,0,3273,0,0,0,0,9,11,0,0,True
512,92,93,0,0,0,0,3274,0,0,0,0,11,11,0,0,True
513,92,93,94,0,0,0,3275,0,0,0,0,11,11,0,0,True
514,100,0,0,0,0,0,1005417,6245610,0,0,0,9,13,0,0,True
515,100,99,0,0,0,0,1005417,6245610,0,0,0,11,13,0,0,True
516,100,99,98,0,0,0,1005417,6245610,0,0,0,11,13,0,0,True
517,100,99,98,97,0,0,1005417,6245610,0,0,0,11,13,0,0,True
518,100,99,98,97,96,0,1005417,6245610,0,0,0,11,13,0,0,True
519,100,99,98,97,96,95,1005417,6245610,0,0,0,11,13,0,0,True
520,101,0,0,0,0,0,40498,0,0,0,0,9,14,0,0,True
521,102,0,0,0,0,0,40499,0,0,0,0,9,14,0,0,True
522,79,0,0,0,0,0,1032254,8157292,40505,0,69272,9,19,1,40,False
523,80,0,0,0,0,0,40501,0,0,0,0,9,35,0,0,True
524,103,0,0,0,0,0,1024219,7091591,40502,0,68514,9,17,1,48,False
525,104,0,0,0,0,0,1024774,7186923,40503,0,68577,9,17,1,48,False
526,105,0,0,0,0,0,1025604,7380348,40504,0,68638,9,17,1,48,False
527,106,0,0,0,0,0,70316,0,0,0,70315,9,2,1,51,True
528,107,0,0,0,0,0,1043625,9323367,40509,0,37003,9,24,3,55,False
529,108,0,0,0,0,0,1008145,4326414,40506,2758,69379,9,36,1,51,False
530,109,0,0,0,0,0,1008145,4326414,40507,2245,66643,9,36,1,20,False
531,110,0,0,0,0,0,1008145,4326414,40508,2181,68737,9,36,1,51,False
532,270,0,0,0,0,0,1043625,9323367,40363,0,36002,5,24,3,55,False
533,273,0,0,0,0,0,41460,0,0,0,0,5,14,0,0,True
534,473,0,0,0,0,0,39480,0,0,0,0,6,7,0,0,False
535,486,0,0,0,0,0,945,0,40377,0,36002,6,34,4,55,False
536,490,0,0,0,0,0,945,0,40378,0,36002,6,34,4,55,False
537,278,0,0,0,0,0,21916,0,0,0,0,6,45,0,0,False
538,451,0,0,0,0,0,866,0,36858,0,30115,6,32,4,85,False
539,474,0,0,0,0,0,911,0,39481,0,30125,6,32,4,85,False
540,494,0,0,0,0,0,962,0,41474,0,30134,6,32,4,85,False
541,22,0,0,0,0,0,6183,0,0,0,0,6,45,0,0,False
542,112,0,0,0,0,0,26,0,9349,0,26,6,31,4,66,False
543,183,0,0,0,0,0,14103,0,0,0,0,6,40,0,0,False
544,361,0,0,0,0,0,692,0,28626,0,73,6,31,4,69,False
545,197,0,0,0,0,0,15447,0,0,0,0,6,43,0,0,False
546,356,0,0,0,0,0,28621,0,0,0,0,6,7,0,0,False
547,115,0,0,0,0,0,9350,0,0,0,0,6,7,0,0,False
548,137,0,0,0,0,0,35,0,12052,0,35,6,31,4,67,False
549,162,0,0,0,0,0,1031680,8104544,13279,0,69208,6,18,1,52,False
550,453,0,0,0,0,0,36860,0,0,0,0,6,44,0,0,False
551,177,0,0,0,0,0,15434,0,0,0,0,6,12,0,0,False
552,217,0,0,0,0,0,1017653,6526530,16568,0,67928,6,42,1,52,False
553,118,0,0,0,0,0,1040,0,0,0,30019,6,11,3,76,False
554,218,0,0,0,0,0,1017653,6526530,16570,0,67928,6,42,1,52,False
555,476,0,0,0,0,0,39483,0,0,0,0,6,6,0,0,True
556,145,0,0,0,0,0,12060,0,0,0,0,6,12,0,0,False
557,150,0,0,0,0,0,12065,0,0,0,0,6,12,0,0,False
558,219,0,0,0,0,0,16573,0,0,0,67093,6,7,1,52,False
559,298,0,0,0,0,0,1017653,6526530,23036,0,67928,6,42,1,52,False
560,306,0,0,0,0,0,69190,0,0,0,69189,6,2,1,44,False
561,119,0,0,0,0,0,65902,0,0,0,65901,6,2,1,41,False
562,229,0,0,0,0,0,17528,0,0,0,0,6,12,0,0,True
563,233,0,0,0,0,0,17532,0,0,0,0,6,12,0,0,True
564,499,0,0,0,0,0,1046441,10215752,41479,0,70337,6,4,1,51,True
565,500,0,0,0,0,0,1046441,10215752,41480,0,70337,6,4,1,51,True
566,498,0,0,0,0,0,70334,0,0,0,70333,6,2,1,51,True
567,111,0,0,0,0,0,1016093,6085426,41371,0,67761,9,17,1,47,False
568,112,0,0,0,0,0,1016804,6209462,41372,0,67796,9,17,1,47,False
569,113,0,0,0,0,0,1017172,6254018,41373,0,67863,9,17,1,47,False
570,114,0,0,0,0,0,1017653,6526530,41374,0,67928,9,42,1,52,False
571,115,0,0,0,0,0,1033921,8372497,41375,0,69501,9,26,1,54,False
572,116,0,0,0,0,0,70328,0,0,0,70327,9,2,1,80,False
573,117,0,0,0,0,0,70349,0,0,0,70348,9,2,1,55,False
574,118,0,0,0,0,0,1043625,9323367,41376,0,37005,9,24,3,55,False
575,119,0,0,0,0,0,1046441,10215752,41377,0,70337,9,4,1,51,True
576,120,0,0,0,0,0,1046441,10215752,41378,0,70337,9,4,1,51,True
577,121,0,0,0,0,0,1046441,10215752,41379,0,70337,9,4,1,51,True
578,122,0,0,0,0,0,41367,0,0,0,0,9,14,0,0,True
579,123,0,0,0,0,0,41368,0,0,0,0,9,14,0,0,True
580,124,0,0,0,0,0,3419,0,0,0,0,9,11,0,0,True
581,124,125,0,0,0,0,3420,0,0,0,0,11,11,0,0,True
582,124,125,126,0,0,0,3421,0,0,0,0,11,11,0,0,True
583,132,0,0,0,0,0,1005417,6245610,0,0,0,9,13,0,0,True
584,132,131,0,0,0,0,1005417,6245610,0,0,0,11,13,0,0,True
585,132,131,130,0,0,0,1005417,6245610,0,0,0,11,13,0,0,True
586,132,131,130,129,0,0,1005417,6245610,0,0,0,11,13,0,0,True
587,132,131,130,129,128,0,1005417,6245610,0,0,0,11,13,0,0,True
588,132,131,130,129,128,127,1005417,6245610,0,0,0,11,13,0,0,True
589,133,0,0,0,0,0,3422,0,0,0,0,9,11,0,0,True
590,133,134,0,0,0,0,3423,0,0,0,0,11,11,0,0,True
591,133,134,135,0,0,0,3424,0,0,0,0,11,11,0,0,True
592,141,0,0,0,0,0,1005417,6245610,0,0,0,9,13,0,0,True
593,141,140,0,0,0,0,1005417,6245610,0,0,0,11,13,0,0,True
594,141,140,139,0,0,0,1005417,6245610,0,0,0,11,13,0,0,True
595,141,140,139,138,0,0,1005417,6245610,0,0,0,11,13,0,0,True
596,141,140,139,138,137,0,1005417,6245610,0,0,0,11,13,0,0,True
597,141,140,139,138,137,136,1005417,6245610,0,0,0,11,13,0,0,True
598,142,0,0,0,0,0,3425,0,0,0,0,9,11,0,0,True
599,142,143,0,0,0,0,3426,0,0,0,0,11,11,0,0,True
600,142,143,144,0,0,0,3427,0,0,0,0,11,11,0,0,True
601,150,0,0,0,0,0,1005417,6245610,0,0,0,9,13,0,0,True
602,150,149,0,0,0,0,1005417,6245610,0,0,0,11,13,0,0,True
603,150,149,148,0,0,0,1005417,6245610,0,0,0,11,13,0,0,True
604,150,149,148,147,0,0,1005417,6245610,0,0,0,11,13,0,0,True
605,150,149,148,147,146,0,1005417,6245610,0,0,0,11,13,0,0,True
606,150,149,148,147,146,145,1005417,6245610,0,0,0,11,13,0,0,True
607,151,0,0,0,0,0,1017247,6289315,41797,0,0,9,37,0,0,True
608,0,0,0,0,0,0,0,0,0,0,0,0,0,0,0,False
609,0,0,0,0,0,0,0,0,0,0,0,0,0,0,0,False
610,0,0,0,0,0,0,0,0,0,0,0,0,0,0,0,False
611,0,0,0,0,0,0,0,0,0,0,0,0,0,0,0,False
612,0,0,0,0,0,0,0,0,0,0,0,0,0,0,0,False
613,0,0,0,0,0,0,0,0,0,0,0,0,0,0,0,False
614,0,0,0,0,0,0,0,0,0,0,0,0,0,0,0,False
615,0,0,0,0,0,0,0,0,0,0,0,0,0,0,0,False
616,0,0,0,0,0,0,0,0,0,0,0,0,0,0,0,False
617,0,0,0,0,0,0,0,0,0,0,0,0,0,0,0,False
618,0,0,0,0,0,0,0,0,0,0,0,0,0,0,0,False
619,0,0,0,0,0,0,0,0,0,0,0,0,0,0,0,False
620,0,0,0,0,0,0,0,0,0,0,0,0,0,0,0,False
621,0,0,0,0,0,0,0,0,0,0,0,0,0,0,0,False
622,0,0,0,0,0,0,0,0,0,0,0,0,0,0,0,False
623,0,0,0,0,0,0,0,0,0,0,0,0,0,0,0,False
624,0,0,0,0,0,0,0,0,0,0,0,0,0,0,0,False
625,0,0,0,0,0,0,0,0,0,0,0,0,0,0,0,False
626,0,0,0,0,0,0,0,0,0,0,0,0,0,0,0,False
627,234,0,0,0,0,0,36915,0,0,0,0,5,6,0,0,False
628,245,0,0,0,0,0,38569,0,0,0,0,5,12,0,0,False
629,246,0,0,0,0,0,1043625,9323367,38570,0,36001,5,24,3,55,False
630,247,0,0,0,0,0,38571,0,0,0,0,5,6,0,0,False
631,250,0,0,0,0,0,39497,0,0,0,0,5,6,0,0,False
632,256,0,0,0,0,0,39500,0,0,0,0,5,6,0,0,False
633,258,0,0,0,0,0,40357,0,0,0,0,5,12,0,0,False
634,259,0,0,0,0,0,40357,0,0,0,0,5,12,0,0,False
635,260,0,0,0,0,0,40357,0,0,0,0,5,12,0,0,False
636,261,0,0,0,0,0,40357,0,0,0,0,5,12,0,0,False
637,262,0,0,0,0,0,40357,0,0,0,0,5,12,0,0,False
638,269,0,0,0,0,0,70324,0,0,0,70323,5,2,1,50,False
639,271,0,0,0,0,0,41458,0,0,0,0,5,12,0,0,True
640,274,0,0,0,0,0,70344,0,0,0,0,5,2,0,0,True
641,275,0,0,0,0,0,1043625,9323367,41462,0,36003,5,24,3,55,False
642,276,0,0,0,0,0,1046441,10215752,41463,0,70337,5,4,1,51,True
643,506,0,0,0,0,0,961,0,41486,0,36003,6,34,4,55,False
644,491,0,0,0,0,0,961,0,41471,0,36003,6,34,4,55,False
645,38,0,0,0,0,0,6199,0,0,0,0,6,7,0,0,False
646,495,0,0,0,0,0,1033921,8372497,41475,0,69501,6,26,1,54,False
647,454,0,0,0,0,0,70291,0,0,0,70290,6,2,1,55,False
648,478,0,0,0,0,0,822,0,40369,0,90,6,31,4,70,False
649,483,0,0,0,0,0,1033921,8372497,40374,0,69501,6,26,1,54,False
650,13,0,0,0,0,0,6174,0,0,0,0,6,7,0,0,False
651,14,0,0,0,0,0,6175,0,0,0,0,6,7,0,0,False
652,15,0,0,0,0,0,66266,0,0,0,66265,6,2,1,51,False
653,20,0,0,0,0,0,1011039,5581045,6181,0,65970,6,16,1,51,False
654,25,0,0,0,0,0,6186,0,0,0,0,6,7,0,0,False
655,56,0,0,0,0,0,7566,0,0,0,0,6,44,0,0,False
656,134,0,0,0,0,0,34,0,12049,0,34,6,31,4,67,False
657,146,0,0,0,0,0,12061,0,0,0,0,6,44,0,0,False
658,248,0,0,0,0,0,20532,0,0,0,68089,6,6,1,43,False
659,264,0,0,0,0,0,1017653,6526530,21055,0,67928,6,42,1,52,False
660,249,0,0,0,0,0,20533,0,0,0,68089,6,6,1,43,False
661,250,0,0,0,0,0,20534,0,0,0,68089,6,6,1,43,False
662,251,0,0,0,0,0,20535,0,0,0,0,6,12,0,0,True
663,252,0,0,0,0,0,241,0,20536,0,54,6,31,4,68,False
664,276,0,0,0,0,0,68508,0,0,0,68507,6,2,1,43,False
665,282,0,0,0,0,0,21915,0,0,0,68089,6,45,1,43,False
666,293,0,0,0,0,0,23029,0,0,0,68089,6,6,1,43,False
667,294,0,0,0,0,0,23030,0,0,0,68089,6,45,1,43,False
668,320,0,0,0,0,0,24641,0,0,0,0,6,12,0,0,True
669,343,0,0,0,0,0,26797,0,0,0,0,6,12,0,0,True
670,331,0,0,0,0,0,26785,0,0,0,69190,6,6,1,44,False
671,429,0,0,0,0,0,1017653,6526530,35977,0,67928,6,42,1,52,False
672,360,0,0,0,0,0,1031680,8104544,28625,0,69208,6,18,1,52,False
673,416,0,0,0,0,0,33698,0,0,0,0,6,12,0,0,True
674,417,0,0,0,0,0,33699,0,0,0,0,6,12,0,0,True
675,376,0,0,0,0,0,30098,0,0,0,0,6,12,0,0,True
676,332,0,0,0,0,0,728,0,26786,0,30094,6,32,4,105,False
677,398,0,0,0,0,0,758,0,32849,0,30103,6,32,4,105,False
678,381,0,0,0,0,0,69317,0,0,0,69316,6,2,1,44,False
679,382,0,0,0,0,0,30869,0,0,0,69190,6,6,1,44,False
680,455,0,0,0,0,0,36862,0,0,0,69190,6,6,1,44,False
681,152,0,0,0,0,0,1038441,9159882,43953,0,0,9,21,0,0,False
682,153,0,0,0,0,0,1038441,9159882,43954,0,0,9,21,0,0,False
683,154,0,0,0,0,0,43565,0,0,0,0,9,14,0,0,True
684,155,0,0,0,0,0,43566,0,0,0,0,9,14,0,0,True
685,156,0,0,0,0,0,3578,0,0,0,0,9,11,0,0,True
686,156,157,0,0,0,0,3579,0,0,0,0,11,11,0,0,True
687,156,157,158,0,0,0,3580,0,0,0,0,11,11,0,0,True
688,164,0,0,0,0,0,1005417,6245610,0,0,0,9,13,0,0,True
689,164,163,0,0,0,0,1005417,6245610,0,0,0,11,13,0,0,True
690,164,163,162,0,0,0,1005417,6245610,0,0,0,11,13,0,0,True
691,164,163,162,161,0,0,1005417,6245610,0,0,0,11,13,0,0,True
692,164,163,162,161,160,0,1005417,6245610,0,0,0,11,13,0,0,True
693,164,163,162,161,160,159,1005417,6245610,0,0,0,11,13,0,0,True
694,165,0,0,0,0,0,1008909,4664431,43955,0,66860,9,17,1,46,False
695,166,0,0,0,0,0,1005569,4494863,43956,0,66792,9,17,1,46,False
696,167,0,0,0,0,0,1005554,4497240,43957,0,66757,9,17,1,46,False
697,168,0,0,0,0,0,1008907,4664514,43958,0,66914,9,17,1,46,False
698,169,0,0,0,0,0,1009205,4753820,43959,0,67029,9,17,1,46,False
699,170,0,0,0,0,0,1049082,10361830,43960,0,70495,9,41,1,88,False
700,171,0,0,0,0,0,1049082,10361830,44292,0,70495,9,41,1,88,False
701,172,0,0,0,0,0,1048383,10340614,44293,0,70495,9,41,1,88,False
702,173,0,0,0,0,0,1048383,10340614,44294,0,70495,9,41,1,88,False
703,70384,0,0,0,0,0,70384,0,0,0,0,1,2,0,0,False
704,70390,0,0,0,0,0,70390,0,0,0,0,1,2,0,0,False
705,70389,0,0,0,0,0,70389,0,0,0,70388,1,2,1,86,False
706,70395,0,0,0,0,0,70395,0,0,0,70394,1,2,1,87,False
707,257,0,0,0,0,0,40356,0,0,0,0,5,12,0,0,False
708,0,0,0,0,0,0,0,0,0,0,0,0,0,0,0,False
709,0,0,0,0,0,0,0,0,0,0,0,0,0,0,0,False
710,0,0,0,0,0,0,0,0,0,0,0,0,0,0,0,False
711,0,0,0,0,0,0,0,0,0,0,0,0,0,0,0,False
712,0,0,0,0,0,0,0,0,0,0,0,0,0,0,0,False
713,0,0,0,0,0,0,0,0,0,0,0,0,0,0,0,False
714,0,0,0,0,0,0,0,0,0,0,0,0,0,0,0,False
715,0,0,0,0,0,0,0,0,0,0,0,0,0,0,0,False
716,0,0,0,0,0,0,0,0,0,0,0,0,0,0,0,False
717,0,0,0,0,0,0,0,0,0,0,0,0,0,0,0,False
718,0,0,0,0,0,0,0,0,0,0,0,0,0,0,0,False
719,0,0,0,0,0,0,0,0,0,0,0,0,0,0,0,False
720,268,0,0,0,0,0,40362,0,0,0,0,5,6,0,0,False
721,278,0,0,0,0,0,70718,0,0,0,0,5,2,0,0,True
722,279,0,0,0,0,0,44508,0,0,0,0,5,14,0,0,True
723,280,0,0,0,0,0,1008145,4326414,44511,0,0,5,28,0,0,False
724,281,0,0,0,0,0,1011039,5581045,44510,0,65970,5,16,1,51,False
725,282,0,0,0,0,0,70725,0,0,0,70724,5,2,1,101,False
726,283,0,0,0,0,0,70787,0,0,0,0,5,2,0,0,True
727,285,0,0,0,0,0,70729,0,0,0,70495,5,2,1,88,False
728,0,0,0,0,0,0,0,0,0,0,0,0,0,0,0,False
729,410,0,0,0,0,0,2889,0,0,0,69379,6,11,1,51,False
730,427,0,0,0,0,0,792,0,35975,0,84,6,31,4,70,False
731,428,0,0,0,0,0,1037059,8859741,35976,0,69712,6,22,1,55,False
732,430,0,0,0,0,0,35978,0,0,0,0,6,12,0,0,True
733,432,0,0,0,0,0,35980,0,0,0,0,6,44,0,0,False
734,433,0,0,0,0,0,794,0,35981,0,85,6,31,4,70,False
735,441,0,0,0,0,0,70000,0,0,0,70000,6,2,1,45,False
736,443,0,0,0,0,0,36637,0,0,0,0,6,43,0,0,False
737,465,0,0,0,0,0,38453,0,0,0,70000,6,43,1,45,False
738,466,0,0,0,0,0,883,0,38454,0,30122,6,32,4,106,False
739,477,0,0,0,0,0,39484,0,0,0,70000,6,43,1,45,False
740,487,0,0,0,0,0,942,0,40379,0,30132,6,32,4,106,False
741,496,0,0,0,0,0,1043463,9318702,41476,0,70179,6,25,1,55,False
742,501,0,0,0,0,0,41481,0,0,0,0,6,12,0,0,True
743,502,0,0,0,0,0,41482,0,0,0,0,6,12,0,0,True
744,503,0,0,0,0,0,41483,0,0,0,0,6,12,0,0,True
745,509,0,0,0,0,0,1048628,10417428,43571,0,70495,6,41,1,88,False
746,512,0,0,0,0,0,1048933,10417497,43574,0,70495,6,41,1,88,False
747,513,0,0,0,0,0,43575,0,0,0,0,6,44,0,0,False
748,514,0,0,0,0,0,43576,0,0,0,0,6,14,0,0,True
749,516,0,0,0,0,0,70709,0,0,0,70690,6,2,1,90,False
750,517,0,0,0,0,0,834,0,43579,0,98,6,31,4,92,False
751,518,0,0,0,0,0,1048387,10340625,43580,0,70545,6,22,1,90,False
752,522,0,0,0,0,0,827,0,43584,0,95,6,31,4,92,False
753,525,0,0,0,0,0,43587,0,0,0,0,6,6,0,0,True
754,526,0,0,0,0,0,43588,0,0,0,0,6,12,0,0,True
755,527,0,0,0,0,0,43589,0,0,0,0,6,12,0,0,True
756,174,0,0,0,0,0,44350,0,0,0,0,9,14,0,0,True
757,175,0,0,0,0,0,44351,0,0,0,0,9,14,0,0,True
758,176,0,0,0,0,0,3582,0,0,0,0,9,11,0,0,True
759,176,177,0,0,0,0,3583,0,0,0,0,11,11,0,0,True
760,176,177,178,0,0,0,3584,0,0,0,0,11,11,0,0,True
761,184,0,0,0,0,0,1005417,6245610,0,0,0,9,13,0,0,True
762,184,183,0,0,0,0,1005417,6245610,0,0,0,11,13,0,0,True
763,184,183,182,0,0,0,1005417,6245610,0,0,0,11,13,0,0,True
764,184,183,182,181,0,0,1005417,6245610,0,0,0,11,13,0,0,True
765,184,183,182,181,180,0,1005417,6245610,0,0,0,11,13,0,0,True
766,184,183,182,181,180,179,1005417,6245610,0,0,0,11,13,0,0,True
767,185,0,0,0,0,0,1051799,10961917,44944,0,70733,9,17,1,89,False
768,186,0,0,0,0,0,1017653,6526530,45087,0,67928,9,42,1,52,False
769,187,0,0,0,0,0,1017653,6526530,45088,0,67928,9,42,1,52,False
770,188,0,0,0,0,0,1017653,6526530,45089,0,67928,9,42,1,52,False
771,189,0,0,0,0,0,1017653,6526530,45090,0,67928,9,42,1,52,False
772,190,0,0,0,0,0,1008145,4326414,45083,1929,68089,9,36,1,43,False
773,191,0,0,0,0,0,1008145,4326414,45084,1929,68089,9,36,1,43,False
774,192,0,0,0,0,0,1008145,4326414,45085,1930,68089,9,36,1,43,False
775,193,0,0,0,0,0,1008145,4326414,45086,1930,68089,9,36,1,43,False
776,194,0,0,0,0,0,1027998,7873402,45079,0,69190,9,41,1,44,False
777,195,0,0,0,0,0,1027998,7873402,45080,0,69190,9,41,1,44,False
778,196,0,0,0,0,0,1027538,7796082,45081,0,69190,9,41,1,44,False
779,197,0,0,0,0,0,1027538,7796082,45082,0,69190,9,41,1,44,False
780,198,0,0,0,0,0,1037055,8859734,44945,0,70000,9,41,1,45,False
781,199,0,0,0,0,0,1037055,8859734,44946,0,70000,9,41,1,45,False
782,200,0,0,0,0,0,1037304,8861054,44947,0,70000,9,41,1,45,False
783,201,0,0,0,0,0,1037304,8861054,44948,0,70000,9,41,1,45,False
784,0,0,0,0,0,0,0,0,0,0,0,0,0,0,0,False
785,0,0,0,0,0,0,0,0,0,0,0,0,0,0,0,False
786,0,0,0,0,0,0,0,0,0,0,0,0,0,0,0,False
787,0,0,0,0,0,0,0,0,0,0,0,0,0,0,0,False
788,0,0,0,0,0,0,0,0,0,0,0,0,0,0,0,False
789,0,0,0,0,0,0,0,0,0,0,0,0,0,0,0,False
790,0,0,0,0,0,0,0,0,0,0,0,0,0,0,0,False
791,0,0,0,0,0,0,0,0,0,0,0,0,0,0,0,False
792,0,0,0,0,0,0,0,0,0,0,0,0,0,0,0,False
793,0,0,0,0,0,0,0,0,0,0,0,0,0,0,0,False
794,0,0,0,0,0,0,0,0,0,0,0,0,0,0,0,False
795,0,0,0,0,0,0,0,0,0,0,0,0,0,0,0,False
796,0,0,0,0,0,0,0,0,0,0,0,0,0,0,0,False
797,0,0,0,0,0,0,0,0,0,0,0,0,0,0,0,False
798,0,0,0,0,0,0,0,0,0,0,0,0,0,0,0,False
799,0,0,0,0,0,0,0,0,0,0,0,0,0,0,0,False
800,0,0,0,0,0,0,0,0,0,0,0,0,0,0,0,False
801,0,0,0,0,0,0,0,0,0,0,0,0,0,0,0,False
802,0,0,0,0,0,0,0,0,0,0,0,0,0,0,0,False
803,0,0,0,0,0,0,0,0,0,0,0,0,0,0,0,False
804,0,0,0,0,0,0,0,0,0,0,0,0,0,0,0,False
805,0,0,0,0,0,0,0,0,0,0,0,0,0,0,0,False
806,0,0,0,0,0,0,0,0,0,0,0,0,0,0,0,False
807,0,0,0,0,0,0,0,0,0,0,0,0,0,0,0,False
808,0,0,0,0,0,0,0,0,0,0,0,0,0,0,0,False
809,0,0,0,0,0,0,0,0,0,0,0,0,0,0,0,False
810,0,0,0,0,0,0,0,0,0,0,0,0,0,0,0,False
811,0,0,0,0,0,0,0,0,0,0,0,0,0,0,0,False
812,0,0,0,0,0,0,0,0,0,0,0,0,0,0,0,False
813,0,0,0,0,0,0,0,0,0,0,0,0,0,0,0,False
814,0,0,0,0,0,0,0,0,0,0,0,0,0,0,0,False
815,0,0,0,0,0,0,0,0,0,0,0,0,0,0,0,False
816,277,0,0,0,0,0,41464,0,0,0,0,5,12,0,0,False
817,286,0,0,0,0,0,44509,0,0,0,70789,5,49,1,55,False
818,291,0,0,0,0,0,70858,0,0,0,0,5,2,0,0,True
819,292,0,0,0,0,0,1053614,11505033,47983,0,70847,5,23,1,90,False
820,293,0,0,0,0,0,47984,0,0,0,0,5,14,0,0,False
821,294,0,0,0,0,0,1052608,11762024,47985,0,70789,5,48,1,55,False
822,196,0,0,0,0,0,1017338,6289839,15446,0,67092,6,20,1,51,False
823,524,0,0,0,0,0,991,0,43586,0,30141,6,32,4,107,False
824,243,0,0,0,0,0,1019454,6869160,20527,0,68472,6,22,1,53,False
825,369,0,0,0,0,0,1032661,8267961,30091,0,69331,6,17,1,49,False
826,370,0,0,0,0,0,1032661,8267961,30092,0,69335,6,17,1,49,False
827,409,0,0,0,0,0,1033921,8372497,33691,0,69501,6,26,1,54,False
828,431,0,0,0,0,0,789,0,35979,0,83,6,31,4,70,False
829,445,0,0,0,0,0,36852,0,0,0,0,6,44,0,0,False
830,532,0,0,0,0,0,1008,0,44487,0,100,6,31,4,92,False
831,283,0,0,0,0,0,21921,0,0,0,0,6,7,0,0,False
832,359,0,0,0,0,0,28624,0,0,0,0,6,44,0,0,False
833,378,0,0,0,0,0,2522,0,0,0,69208,6,11,1,52,False
834,507,0,0,0,0,0,826,0,43569,0,94,6,31,4,92,False
835,531,0,0,0,0,0,44486,0,0,0,0,6,7,0,0,False
836,168,0,0,0,0,0,13284,0,0,0,0,6,45,0,0,False
837,169,0,0,0,0,0,14093,0,0,0,0,6,45,0,0,False
838,170,0,0,0,0,0,14094,0,0,0,0,6,45,0,0,False
839,171,0,0,0,0,0,14095,0,0,0,0,6,45,0,0,False
840,185,0,0,0,0,0,15436,0,0,0,0,6,45,0,0,False
841,186,0,0,0,0,0,15437,0,0,0,0,6,45,0,0,False
842,76,0,0,0,0,0,1008145,4326414,7561,0,0,6,28,0,0,False
843,263,0,0,0,0,0,20547,0,0,0,0,6,45,0,0,False
844,265,0,0,0,0,0,21057,0,0,0,0,6,45,0,0,False
845,261,0,0,0,0,0,20545,0,0,0,0,6,45,0,0,False
846,262,0,0,0,0,0,20546,0,0,0,0,6,45,0,0,False
847,538,0,0,0,0,0,70788,0,0,0,70296,6,2,1,80,False
848,534,0,0,0,0,0,1051799,10961917,44489,0,70730,6,17,1,89,False
849,535,0,0,0,0,0,1033921,8372497,44490,0,69501,6,26,1,54,False
850,386,0,0,0,0,0,30873,0,0,0,0,6,7,0,0,False
851,536,0,0,0,0,0,70843,0,0,0,70709,6,2,1,90,False
852,202,0,0,0,0,0,46335,0,0,0,0,9,14,0,0,False
853,203,0,0,0,0,0,46336,0,0,0,0,9,14,0,0,False
854,204,0,0,0,0,0,3585,0,0,0,0,9,11,0,0,True
855,204,205,0,0,0,0,3586,0,0,0,0,11,11,0,0,True
856,204,205,206,0,0,0,3587,0,0,0,0,11,11,0,0,True
857,207,0,0,0,0,0,1005417,6245610,0,0,0,9,13,0,0,True
858,207,208,0,0,0,0,1005417,6245610,0,0,0,11,13,0,0,True
859,207,208,209,0,0,0,1005417,6245610,0,0,0,11,13,0,0,True
860,207,208,209,210,0,0,1005417,6245610,0,0,0,11,13,0,0,True
861,207,208,209,210,211,0,1005417,6245610,0,0,0,11,13,0,0,True
862,207,208,209,210,211,212,1005417,6245610,0,0,0,11,13,0,0,True
863,213,0,0,0,0,0,3618,0,0,0,0,9,11,0,0,False
864,213,214,0,0,0,0,3619,0,0,0,0,11,11,0,0,False
865,213,214,215,0,0,0,3620,0,0,0,0,11,11,0,0,False
866,216,0,0,0,0,0,1005417,6245610,0,0,0,9,13,0,0,False
867,216,217,0,0,0,0,1005417,6245610,0,0,0,11,13,0,0,False
868,216,217,218,0,0,0,1005417,6245610,0,0,0,11,13,0,0,False
869,216,217,218,219,0,0,1005417,6245610,0,0,0,11,13,0,0,False
870,216,217,218,219,220,0,1005417,6245610,0,0,0,11,13,0,0,False
871,216,217,218,219,220,221,1005417,6245610,0,0,0,11,13,0,0,False
872,30143,0,0,0,0,0,1006,0,0,0,30143,4,3,3,91,False
873,226,0,0,0,0,0,1052563,11537749,48085,0,70796,9,17,1,89,False
874,222,0,0,0,0,0,1017338,6289839,48086,1580,67092,9,47,1,51,False
875,223,0,0,0,0,0,1017338,6289839,48087,1657,67924,9,47,1,52,False
876,224,0,0,0,0,0,1025848,7397074,48088,2049,68667,9,47,1,53,False
877,225,0,0,0,0,0,1025848,7397074,48089,2051,68668,9,47,1,53,False
878,227,0,0,0,0,0,1052608,11762024,48091,0,70789,9,48,1,55,False
879,228,0,0,0,0,0,1053614,11505033,48090,0,70847,9,23,1,90,False
880,0,0,0,0,0,0,0,0,0,0,0,0,0,0,0,False
881,0,0,0,0,0,0,0,0,0,0,0,0,0,0,0,False
882,0,0,0,0,0,0,0,0,0,0,0,0,0,0,0,False
883,0,0,0,0,0,0,0,0,0,0,0,0,0,0,0,False
884,0,0,0,0,0,0,0,0,0,0,0,0,0,0,0,False
885,0,0,0,0,0,0,0,0,0,0,0,0,0,0,0,False
886,0,0,0,0,0,0,0,0,0,0,0,0,0,0,0,False
887,0,0,0,0,0,0,0,0,0,0,0,0,0,0,0,False
888,0,0,0,0,0,0,0,0,0,0,0,0,0,0,0,False
889,0,0,0,0,0,0,0,0,0,0,0,0,0,0,0,False
890,0,0,0,0,0,0,0,0,0,0,0,0,0,0,0,False
891,0,0,0,0,0,0,0,0,0,0,0,0,0,0,0,False
892,0,0,0,0,0,0,0,0,0,0,0,0,0,0,0,False
893,0,0,0,0,0,0,0,0,0,0,0,0,0,0,0,False
894,0,0,0,0,0,0,0,0,0,0,0,0,0,0,0,False
895,0,0,0,0,0,0,0,0,0,0,0,0,0,0,0,False
896,0,0,0,0,0,0,0,0,0,0,0,0,0,0,0,False
897,0,0,0,0,0,0,0,0,0,0,0,0,0,0,0,False
898,0,0,0,0,0,0,0,0,0,0,0,0,0,0,0,False
899,0,0,0,0,0,0,0,0,0,0,0,0,0,0,0,False
900,0,0,0,0,0,0,0,0,0,0,0,0,0,0,0,False
